{
    "swagger": "2.0",
    "info": {
        "description": "API для управления фитнес-клубом: бронирование занятий, подписки, тренеры, админка.",
        "title": "Gym StrongCode API",
        "contact": {
            "name": "API Support",
            "email": "support@strongcode.kz"
        },
        "license": {
            "name": "MIT"
        },
        "version": "2.0"
    },
    "host": "localhost:8080",
    "basePath": "/api",
    "paths": {
        "/admin/classes": {
            "post": {
                "security": [
                    {
                        "Bearer": []
                    }
                ],
                "description": "Создаёт новое групповое занятие (только для администратора)",
                "consumes": [
                    "application/json"
                ],
                "produces": [
                    "application/json"
                ],
                "tags": [
                    "admin"
                ],
                "summary": "Создать занятие",
                "parameters": [
                    {
                        "description": "Данные занятия",
                        "name": "body",
                        "in": "body",
                        "required": true,
                        "schema": {
                            "$ref": "#/definitions/handler.createClassRequest"
                        }
                    }
                ],
                "responses": {
                    "201": {
                        "description": "Created",
                        "schema": {
                            "type": "object",
                            "additionalProperties": {
                                "type": "string"
                            }
                        }
                    },
                    "400": {
                        "description": "Bad Request",
                        "schema": {
                            "type": "object",
                            "additionalProperties": {
                                "type": "string"
                            }
                        }
                    }
                }
            }
        },
        "/admin/trainers": {
            "post": {
                "security": [
                    {
                        "Bearer": []
                    }
                ],
                "description": "Создаёт нового тренера (только для администратора)",
                "consumes": [
                    "application/json"
                ],
                "produces": [
                    "application/json"
                ],
                "tags": [
                    "admin"
                ],
                "summary": "Создать тренера",
                "parameters": [
                    {
                        "description": "Данные тренера",
                        "name": "body",
                        "in": "body",
                        "required": true,
                        "schema": {
                            "$ref": "#/definitions/handler.createTrainerRequest"
                        }
                    }
                ],
                "responses": {
                    "201": {
                        "description": "Created",
                        "schema": {
                            "type": "object",
                            "additionalProperties": true
                        }
                    },
                    "400": {
                        "description": "Bad Request",
                        "schema": {
                            "type": "object",
                            "additionalProperties": {
                                "type": "string"
                            }
                        }
                    }
                }
            }
        },
        "/bookings": {
            "get": {
                "security": [
                    {
                        "Bearer": []
                    }
                ],
                "description": "Возвращает список всех бронирований текущего пользователя",
                "tags": [
                    "bookings"
                ],
                "summary": "Мои бронирования",
                "responses": {
                    "200": {
                        "description": "OK",
                        "schema": {
                            "type": "array",
                            "items": {
                                "$ref": "#/definitions/models.Booking"
                            }
                        }
                    },
                    "500": {
                        "description": "Internal Server Error",
                        "schema": {
                            "type": "object",
                            "additionalProperties": {
                                "type": "string"
                            }
                        }
                    }
                }
            },
            "post": {
                "security": [
                    {
                        "Bearer": []
                    }
                ],
                "description": "Создаёт бронирование на занятие (требует активную подписку)",
                "consumes": [
                    "application/json"
                ],
                "produces": [
                    "application/json"
                ],
                "tags": [
                    "bookings"
                ],
                "summary": "Забронировать занятие",
                "parameters": [
                    {
                        "description": "ID занятия",
                        "name": "body",
                        "in": "body",
                        "required": true,
                        "schema": {
                            "$ref": "#/definitions/handler.createBookingRequest"
                        }
                    }
                ],
                "responses": {
                    "201": {
                        "description": "Created",
                        "schema": {
                            "type": "object",
                            "additionalProperties": true
                        }
                    },
                    "400": {
                        "description": "Bad Request",
                        "schema": {
                            "type": "object",
                            "additionalProperties": {
                                "type": "string"
                            }
                        }
                    },
                    "403": {
                        "description": "Forbidden",
                        "schema": {
                            "type": "object",
                            "additionalProperties": {
                                "type": "string"
                            }
                        }
                    }
                }
            }
        },
        "/classes": {
            "get": {
                "description": "Возвращает все доступные групповые занятия",
                "tags": [
                    "classes"
                ],
                "summary": "Список занятий",
                "responses": {
                    "200": {
                        "description": "OK",
                        "schema": {
                            "type": "array",
                            "items": {
                                "$ref": "#/definitions/models.Class"
                            }
                        }
                    },
                    "500": {
                        "description": "Internal Server Error",
                        "schema": {
                            "type": "object",
                            "additionalProperties": {
                                "type": "string"
                            }
                        }
                    }
                }
            }
        },
        "/health": {
            "get": {
                "description": "Возвращает статус OK",
                "tags": [
                    "health"
                ],
                "summary": "Проверка здоровья сервера",
                "responses": {
                    "200": {
                        "description": "OK",
                        "schema": {
                            "type": "object",
                            "additionalProperties": {
                                "type": "string"
                            }
                        }
                    }
                }
            }
        },
        "/me": {
            "get": {
                "security": [
                    {
                        "Bearer": []
                    }
                ],
                "description": "Возвращает данные авторизованного пользователя",
                "tags": [
                    "user"
                ],
                "summary": "Получить текущего пользователя",
                "responses": {
                    "200": {
                        "description": "OK",
                        "schema": {
                            "$ref": "#/definitions/models.User"
                        }
                    },
                    "401": {
                        "description": "Unauthorized",
                        "schema": {
                            "type": "object",
                            "additionalProperties": {
                                "type": "string"
                            }
                        }
                    }
                }
            }
        },
        "/memberships": {
            "get": {
                "description": "Возвращает все доступные типы подписок",
                "tags": [
                    "memberships"
                ],
                "summary": "Список подписок",
                "responses": {
                    "200": {
                        "description": "OK",
                        "schema": {
                            "type": "array",
                            "items": {
                                "$ref": "#/definitions/models.Membership"
                            }
                        }
                    },
                    "500": {
                        "description": "Internal Server Error",
                        "schema": {
                            "type": "object",
                            "additionalProperties": {
                                "type": "string"
                            }
                        }
                    }
                }
            }
        },
        "/memberships/buy": {
            "post": {
                "security": [
                    {
                        "Bearer": []
                    }
                ],
                "description": "Создаёт платеж и активирует подписку для пользователя",
                "consumes": [
                    "application/json"
                ],
                "produces": [
                    "application/json"
                ],
                "tags": [
                    "memberships"
                ],
                "summary": "Купить подписку",
                "parameters": [
                    {
                        "description": "ID подписки и метод оплаты",
                        "name": "body",
                        "in": "body",
                        "required": true,
                        "schema": {
                            "$ref": "#/definitions/handler.buyMembershipRequest"
                        }
                    }
                ],
                "responses": {
                    "200": {
                        "description": "OK",
                        "schema": {
                            "type": "object",
                            "additionalProperties": true
                        }
                    },
                    "400": {
                        "description": "Bad Request",
                        "schema": {
                            "type": "object",
                            "additionalProperties": {
                                "type": "string"
                            }
                        }
                    }
                }
            }
        },
        "/payments": {
            "post": {
                "security": [
                    {
                        "Bearer": []
                    }
                ],
                "description": "Создаёт запись об оплате произвольной суммы",
                "consumes": [
                    "application/json"
                ],
                "produces": [
                    "application/json"
                ],
                "tags": [
                    "payments"
                ],
                "summary": "Произвольная оплата",
                "parameters": [
                    {
                        "description": "Сумма и метод оплаты",
                        "name": "body",
                        "in": "body",
                        "required": true,
                        "schema": {
                            "$ref": "#/definitions/handler.createPaymentRequest"
                        }
                    }
                ],
                "responses": {
                    "200": {
                        "description": "OK",
                        "schema": {
                            "type": "object",
                            "additionalProperties": true
                        }
                    },
                    "400": {
                        "description": "Bad Request",
                        "schema": {
                            "type": "object",
                            "additionalProperties": {
                                "type": "string"
                            }
                        }
                    }
                }
            }
        },
        "/users/login": {
            "post": {
                "description": "Возвращает JWT токен для авторизации",
                "consumes": [
                    "application/json"
                ],
                "produces": [
                    "application/json"
                ],
                "tags": [
                    "auth"
                ],
                "summary": "Авторизация",
                "parameters": [
                    {
                        "description": "Логин и пароль",
                        "name": "body",
                        "in": "body",
                        "required": true,
                        "schema": {
                            "$ref": "#/definitions/handler.loginRequest"
                        }
                    }
                ],
                "responses": {
                    "200": {
                        "description": "OK",
                        "schema": {
                            "type": "object",
                            "additionalProperties": {
                                "type": "string"
                            }
                        }
                    },
                    "401": {
                        "description": "Unauthorized",
                        "schema": {
                            "type": "object",
                            "additionalProperties": {
                                "type": "string"
                            }
                        }
                    }
                }
            }
        },
        "/users/register": {
            "post": {
                "description": "Создаёт нового пользователя в системе",
                "consumes": [
                    "application/json"
                ],
                "produces": [
                    "application/json"
                ],
                "tags": [
                    "auth"
                ],
                "summary": "Регистрация пользователя",
                "parameters": [
                    {
                        "description": "Данные пользователя",
                        "name": "body",
                        "in": "body",
                        "required": true,
                        "schema": {
                            "$ref": "#/definitions/handler.registerRequest"
                        }
                    }
                ],
                "responses": {
                    "201": {
                        "description": "Created",
                        "schema": {
                            "$ref": "#/definitions/models.User"
                        }
                    },
                    "400": {
                        "description": "Bad Request",
                        "schema": {
                            "type": "object",
                            "additionalProperties": {
                                "type": "string"
                            }
                        }
                    }
                }
            }
        }
    },
    "definitions": {
        "handler.buyMembershipRequest": {
            "type": "object",
            "required": [
                "membership_id",
                "method"
            ],
            "properties": {
                "membership_id": {
                    "type": "integer",
                    "example": 1
                },
                "method": {
                    "type": "string",
                    "example": "card"
                }
            }
        },
        "handler.createBookingRequest": {
            "type": "object",
            "required": [
                "class_id"
            ],
            "properties": {
                "class_id": {
                    "type": "integer",
                    "example": 1
                }
            }
        },
        "handler.createClassRequest": {
            "type": "object",
            "required": [
                "capacity",
                "duration_min",
                "start_time",
                "title"
            ],
            "properties": {
                "capacity": {
                    "type": "integer",
                    "example": 15
                },
                "description": {
                    "type": "string",
                    "example": "Спокойная практика для новичков"
                },
                "duration_min": {
                    "type": "integer",
                    "example": 60
                },
                "start_time": {
                    "type": "string",
                    "example": "2025-12-20T10:00:00Z"
                },
                "title": {
                    "type": "string",
                    "example": "Йога для начинающих"
                },
                "trainer_id": {
                    "type": "integer",
                    "example": 1
                }
            }
        },
        "handler.createPaymentRequest": {
            "type": "object",
            "required": [
                "amount_cents",
                "method"
            ],
            "properties": {
                "amount_cents": {
                    "type": "integer",
                    "example": 10000
                },
                "method": {
                    "type": "string",
                    "example": "card"
                }
            }
        },
        "handler.createTrainerRequest": {
            "type": "object",
            "required": [
                "name"
            ],
            "properties": {
                "bio": {
                    "type": "string",
                    "example": "Мастер спорта международного класса по кроссфиту"
                },
                "name": {
                    "type": "string",
                    "example": "Данияр Смагулов"
                }
            }
        },
        "handler.loginRequest": {
            "type": "object",
            "required": [
                "email",
                "password"
            ],
            "properties": {
                "email": {
                    "type": "string",
                    "example": "asem@example.kz"
                },
                "password": {
                    "type": "string",
                    "example": "password123"
                }
            }
        },
        "handler.registerRequest": {
            "type": "object",
            "required": [
                "email",
                "name",
                "password"
            ],
            "properties": {
                "email": {
                    "type": "string",
                    "example": "asem@example.kz"
                },
                "name": {
                    "type": "string",
                    "example": "Асем Нурова"
                },
                "password": {
                    "type": "string",
                    "minLength": 6,
                    "example": "password123"
                }
            }
        },
        "models.Booking": {
            "type": "object",
            "properties": {
                "class_id": {
                    "type": "integer"
                },
                "created_at": {
                    "type": "string"
                },
                "id": {
                    "type": "integer"
                },
                "status": {
                    "type": "string"
                },
                "user_id": {
                    "type": "integer"
                }
            }
        },
        "models.Class": {
            "type": "object",
            "properties": {
                "capacity": {
                    "type": "integer"
                },
                "created_at": {
                    "type": "string"
                },
                "description": {
                    "type": "string"
                },
                "duration_min": {
                    "type": "integer"
                },
                "id": {
                    "type": "integer"
                },
                "start_time": {
                    "type": "string"
                },
                "title": {
                    "type": "string"
                },
                "trainer_id": {
                    "type": "integer"
                }
            }
        },
        "models.Membership": {
            "type": "object",
            "properties": {
                "created_at": {
                    "type": "string"
                },
                "duration_days": {
                    "type": "integer"
                },
                "id": {
                    "type": "integer"
                },
                "name": {
                    "type": "string"
                },
                "price_cents": {
                    "type": "integer"
                }
            }
        },
        "models.User": {
            "type": "object",
            "properties": {
                "created_at": {
                    "type": "string"
                },
                "email": {
                    "type": "string"
                },
                "id": {
                    "type": "integer"
                },
                "is_admin": {
                    "type": "boolean"
                },
                "name": {
                    "type": "string"
                }
            }
        }
    },
    "securityDefinitions": {
        "Bearer": {
            "description": "Введите JWT токен в формате: Bearer \u003cваш_токен\u003e",
            "type": "apiKey",
            "name": "Authorization",
            "in": "header"
        }
    }
}